Workbook
Name Slicer_Category: #N/A
Name Slicer_Product: #N/A
Name Slicer_Region: #N/A
Name Slicer_Salesperson: #N/A

Sheet Regional analysis
A3: Row Labels | B3: Sum of Revenue
A4: East | B4: 961000
A5: North | B5: 628700
A6: South | B6: 993000
A7: West | B7: 642000
A8: Grand Total | B8: 3224700

Sheet product performance pivot table
A3: product | B3: Sum of Revenue | C3: Sum of Quantity
A4: Headphones | B4: 226000 | C4: 113
A5: Keyboard | B5: 247500 | C5: 165
A6: Laptop | B6: 1760000 | C6: 32
A7: Monitor | B7: 828000 | C7: 69
A8: Mouse | B8: 163200 | C8: 204
A9: Grand Total | B9: 3224700 | C9: 583

Sheet salesperson performance
A3: salesperson | B3: Sum of Revenue
A4: Arun | B4: 651000
A5: Kiran | B5: 342000
A6: Priya | B6: 628700
A7: Rahul | B7: 961000
A8: Sneha | B8: 642000
A9: Grand Total | B9: 3224700

Sheet monthly sales analysis
A3: Months | B3: Sum of Revenue
A4: Jan | B4: 216500
A5: Feb | B5: 191600
A6: Mar | B6: 130000
A7: Apr | B7: 218000
A8: May | B8: 210900
A9: Jun | B9: 294000
A10: Jul | B10: 374600
A11: Aug | B11: 262000
A12: Sep | B12: 297000
A13: Oct | B13: 328200
A14: Nov | B14: 269400
A15: Dec | B15: 432500
A16: Grand Total | B16: 3224700

Sheet Dashboard
A1: SALES PERFORMANCE DASHBOARD
B5: TOTAL REVENUE | E5: TOTAL ORDERS | H5: TOTAL QUANTITY | K5: AVERAGE ORDER VALUE
B6: ='KPI Summary'!B2 -> 1027500 | E6: ='KPI Summary'!B4 -> 60 | H6: ='KPI Summary'!B3 -> 583 | K6: ='KPI Summary'!B5 -> 17125
B61: FILTERS
B79: KEY INSIGHTS
B80: • South is the highest-revenue region.
B81: • Laptop is the highest-revenue product.
B82: • Mouse has the highest quantity sold.
B83: • December has the highest monthly revenue.
B84: • Rahul is the top salesperson by revenue.

Sheet Sales Data
A1: Order ID | B1: Order Date | C1: Region | D1: Salesperson | E1: Product | F1: VLOOKUP Category | G1: VLOOKUP Price | H1: Category | I1: Quantity | J1: Unit Price | K1: Revenue
A2: 1001 | B2: 45662 | C2: South | D2: Arun | E2: Laptop | F2: =VLOOKUP(E2,'Product Details'!A:C,2,FALSE) -> Electronics | G2: =VLOOKUP(E2,'Product Details'!A:C,3,FALSE) -> 55000 | H2: Electronics | I2: 2 | J2: 55000 | K2: 110000
A3: 1002 | B3: 45664 | C3: North | D3: Priya | E3: Keyboard | F3: =VLOOKUP(E3,'Product Details'!A:C,2,FALSE) -> Accessories | G3: =VLOOKUP(E3,'Product Details'!A:C,3,FALSE) -> 1500 | H3: Accessories | I3: 5 | J3: 1500 | K3: 7500
A4: 1003 | B4: 45669 | C4: East | D4: Rahul | E4: Monitor | F4: =VLOOKUP(E4,'Product Details'!A:C,2,FALSE) -> Electronics | G4: =VLOOKUP(E4,'Product Details'!A:C,3,FALSE) -> 12000 | H4: Electronics | I4: 3 | J4: 12000 | K4: 36000
A5: 1004 | B5: 45675 | C5: West | D5: Sneha | E5: Mouse | F5: =VLOOKUP(E5,'Product Details'!A:C,2,FALSE) -> Accessories | G5: =VLOOKUP(E5,'Product Details'!A:C,3,FALSE) -> 800 | H5: Accessories | I5: 10 | J5: 800 | K5: 8000
A6: 1005 | B6: 45679 | C6: South | D6: Arun | E6: Laptop | F6: =VLOOKUP(E6,'Product Details'!A:C,2,FALSE) -> Electronics | G6: =VLOOKUP(E6,'Product Details'!A:C,3,FALSE) -> 55000 | H6: Electronics | I6: 1 | J6: 55000 | K6: 55000
A7: 1006 | B7: 45691 | C7: North | D7: Priya | E7: Headphones | F7: =VLOOKUP(E7,'Product Details'!A:C,2,FALSE) -> Accessories | G7: =VLOOKUP(E7,'Product Details'!A:C,3,FALSE) -> 2000 | H7: Accessories | I7: 6 | J7: 2000 | K7: 12000
A8: 1007 | B8: 45697 | C8: East | D8: Rahul | E8: Laptop | F8: =VLOOKUP(E8,'Product Details'!A:C,2,FALSE) -> Electronics | G8: =VLOOKUP(E8,'Product Details'!A:C,3,FALSE) -> 55000 | H8: Electronics | I8: 2 | J8: 55000 | K8: 110000
A9: 1008 | B9: 45703 | C9: West | D9: Sneha | E9: Monitor | F9: =VLOOKUP(E9,'Product Details'!A:C,2,FALSE) -> Electronics | G9: =VLOOKUP(E9,'Product Details'!A:C,3,FALSE) -> 12000 | H9: Electronics | I9: 4 | J9: 12000 | K9: 48000
A10: 1009 | B10: 45709 | C10: South | D10: Kiran | E10: Keyboard | F10: =VLOOKUP(E10,'Product Details'!A:C,2,FALSE) -> Accessories | G10: =VLOOKUP(E10,'Product Details'!A:C,3,FALSE) -> 1500 | H10: Accessories | I10: 8 | J10: 1500 | K10: 12000
A11: 1010 | B11: 45715 | C11: North | D11: Priya | E11: Mouse | F11: =VLOOKUP(E11,'Product Details'!A:C,2,FALSE) -> Accessories | G11: =VLOOKUP(E11,'Product Details'!A:C,3,FALSE) -> 800 | H11: Accessories | I11: 12 | J11: 800 | K11: 9600
A12: 1011 | B12: 45720 | C12: East | D12: Rahul | E12: Headphones | F12: =VLOOKUP(E12,'Product Details'!A:C,2,FALSE) -> Accessories | G12: =VLOOKUP(E12,'Product Details'!A:C,3,FALSE) -> 2000 | H12: Accessories | I12: 5 | J12: 2000 | K12: 10000
A13: 1012 | B13: 45727 | C13: South | D13: Kiran | E13: Monitor | F13: =VLOOKUP(E13,'Product Details'!A:C,2,FALSE) -> Electronics | G13: =VLOOKUP(E13,'Product Details'!A:C,3,FALSE) -> 12000 | H13: Electronics | I13: 3 | J13: 12000 | K13: 36000
... A61: 1060 | B61: 46019 | C61: South | D61: Arun | E61: Laptop | F61: =VLOOKUP(E61,'Product Details'!A:C,2,FALSE) -> Electronics | G61: =VLOOKUP(E61,'Product Details'!A:C,3,FALSE) -> 55000 | H61: Electronics | I61: 2 | J61: 55000 | K61: 110000

Sheet Product Details
A1: Product | B1: Category | C1: Unit Price
A2: Laptop | B2: Electronics | C2: 55000
A3: Monitor | B3: Electronics | C3: 12000
A4: Keyboard | B4: Accessories | C4: 1500
A5: Mouse | B5: Accessories | C5: 800
A6: Headphones | B6: Accessories | C6: 2000

Sheet KPI Summary
A1: KPI | B1: Formula | C1: Total
A2: Total Revenue | B2: =SUM('Sales Data'!J:J) -> 1027500 | C2: ='KPI Summary'!B2 -> 1027500
A3: Total Quantity Sold | B3: 583 | C3: =B3 -> 583
A4: Total Orders | B4: =COUNTA('Sales Data'!A:A)-1 -> 60 | C4: =COUNTA('Sales Data'!A:A)-1 -> 60
A5: Average Order Value | B5: =B2/B4 -> 17125 | C5: =C2/C4 -> 17125
